ref_date,sheet,maturity,rate,va_bps,quality,source_file,source_doclib_id
2021-12-31,no_VA,1,-0.00585,3,verified,EIOPA_RFR_20211231_Term_Structures.xlsx,bcb37782-1d49-4145-9830-c25462ef7158
2021-12-31,no_VA,2,-0.00395,3,verified,EIOPA_RFR_20211231_Term_Structures.xlsx,bcb37782-1d49-4145-9830-c25462ef7158
2021-12-31,no_VA,3,-0.00246,3,verified,EIOPA_RFR_20211231_Term_Structures.xlsx,bcb37782-1d49-4145-9830-c25462ef7158
2021-12-31,no_VA,4,-0.00145,3,verified,EIOPA_RFR_20211231_Term_Structures.xlsx,bcb37782-1d49-4145-9830-c25462ef7158
2021-12-31,no_VA,5,-0.00084,3,verified,EIOPA_RFR_20211231_Term_Structures.xlsx,bcb37782-1d49-4145-9830-c25462ef7158
2021-12-31,no_VA,6,-0.00026,3,verified,EIOPA_RFR_20211231_Term_Structures.xlsx,bcb37782-1d49-4145-9830-c25462ef7158
2021-12-31,no_VA,7,0.00030,3,verified,EIOPA_RFR_20211231_Term_Structures.xlsx,bcb37782-1d49-4145-9830-c25462ef7158
2021-12-31,no_VA,8,0.00088,3,verified,EIOPA_RFR_20211231_Term_Structures.xlsx,bcb37782-1d49-4145-9830-c25462ef7158
2021-12-31,no_VA,9,0.00147,3,verified,EIOPA_RFR_20211231_Term_Structures.xlsx,bcb37782-1d49-4145-9830-c25462ef7158
2021-12-31,no_VA,10,0.00205,3,verified,EIOPA_RFR_20211231_Term_Structures.xlsx,bcb37782-1d49-4145-9830-c25462ef7158
2021-12-31,no_VA,11,0.00252,3,verified,EIOPA_RFR_20211231_Term_Structures.xlsx,bcb37782-1d49-4145-9830-c25462ef7158
2021-12-31,no_VA,12,0.00301,3,verified,EIOPA_RFR_20211231_Term_Structures.xlsx,bcb37782-1d49-4145-9830-c25462ef7158
2021-12-31,no_VA,13,0.00345,3,verified,EIOPA_RFR_20211231_Term_Structures.xlsx,bcb37782-1d49-4145-9830-c25462ef7158
2021-12-31,no_VA,14,0.00379,3,verified,EIOPA_RFR_20211231_Term_Structures.xlsx,bcb37782-1d49-4145-9830-c25462ef7158
2021-12-31,no_VA,15,0.00399,3,verified,EIOPA_RFR_20211231_Term_Structures.xlsx,bcb37782-1d49-4145-9830-c25462ef7158
2021-12-31,no_VA,16,0.00405,3,verified,EIOPA_RFR_20211231_Term_Structures.xlsx,bcb37782-1d49-4145-9830-c25462ef7158
2021-12-31,no_VA,17,0.00408,3,verified,EIOPA_RFR_20211231_Term_Structures.xlsx,bcb37782-1d49-4145-9830-c25462ef7158
2021-12-31,no_VA,18,0.00414,3,verified,EIOPA_RFR_20211231_Term_Structures.xlsx,bcb37782-1d49-4145-9830-c25462ef7158
2021-12-31,no_VA,19,0.00428,3,verified,EIOPA_RFR_20211231_Term_Structures.xlsx,bcb37782-1d49-4145-9830-c25462ef7158
2021-12-31,no_VA,20,0.00456,3,verified,EIOPA_RFR_20211231_Term_Structures.xlsx,bcb37782-1d49-4145-9830-c25462ef7158
2021-12-31,with_VA,1,-0.00555,3,verified,EIOPA_RFR_20211231_Term_Structures.xlsx,bcb37782-1d49-4145-9830-c25462ef7158
2021-12-31,with_VA,2,-0.00365,3,verified,EIOPA_RFR_20211231_Term_Structures.xlsx,bcb37782-1d49-4145-9830-c25462ef7158
2021-12-31,with_VA,3,-0.00216,3,verified,EIOPA_RFR_20211231_Term_Structures.xlsx,bcb37782-1d49-4145-9830-c25462ef7158
2021-12-31,with_VA,4,-0.00115,3,verified,EIOPA_RFR_20211231_Term_Structures.xlsx,bcb37782-1d49-4145-9830-c25462ef7158
2021-12-31,with_VA,5,-0.00054,3,verified,EIOPA_RFR_20211231_Term_Structures.xlsx,bcb37782-1d49-4145-9830-c25462ef7158
2021-12-31,with_VA,6,0.00004,3,verified,EIOPA_RFR_20211231_Term_Structures.xlsx,bcb37782-1d49-4145-9830-c25462ef7158
2021-12-31,with_VA,7,0.00060,3,verified,EIOPA_RFR_20211231_Term_Structures.xlsx,bcb37782-1d49-4145-9830-c25462ef7158
2021-12-31,with_VA,8,0.00118,3,verified,EIOPA_RFR_20211231_Term_Structures.xlsx,bcb37782-1d49-4145-9830-c25462ef7158
2021-12-31,with_VA,9,0.00177,3,verified,EIOPA_RFR_20211231_Term_Structures.xlsx,bcb37782-1d49-4145-9830-c25462ef7158
2021-12-31,with_VA,10,0.00235,3,verified,EIOPA_RFR_20211231_Term_Structures.xlsx,bcb37782-1d49-4145-9830-c25462ef7158
2021-12-31,with_VA,11,0.00282,3,verified,EIOPA_RFR_20211231_Term_Structures.xlsx,bcb37782-1d49-4145-9830-c25462ef7158
2021-12-31,with_VA,12,0.00331,3,verified,EIOPA_RFR_20211231_Term_Structures.xlsx,bcb37782-1d49-4145-9830-c25462ef7158
2021-12-31,with_VA,13,0.00375,3,verified,EIOPA_RFR_20211231_Term_Structures.xlsx,bcb37782-1d49-4145-9830-c25462ef7158
2021-12-31,with_VA,14,0.00409,3,verified,EIOPA_RFR_20211231_Term_Structures.xlsx,bcb37782-1d49-4145-9830-c25462ef7158
2021-12-31,with_VA,15,0.00429,3,verified,EIOPA_RFR_20211231_Term_Structures.xlsx,bcb37782-1d49-4145-9830-c25462ef7158
2021-12-31,with_VA,16,0.00435,3,verified,EIOPA_RFR_20211231_Term_Structures.xlsx,bcb37782-1d49-4145-9830-c25462ef7158
2021-12-31,with_VA,17,0.00438,3,verified,EIOPA_RFR_20211231_Term_Structures.xlsx,bcb37782-1d49-4145-9830-c25462ef7158
2021-12-31,with_VA,18,0.00444,3,verified,EIOPA_RFR_20211231_Term_Structures.xlsx,bcb37782-1d49-4145-9830-c25462ef7158
2021-12-31,with_VA,19,0.00458,3,verified,EIOPA_RFR_20211231_Term_Structures.xlsx,bcb37782-1d49-4145-9830-c25462ef7158
2021-12-31,with_VA,20,0.00486,3,verified,EIOPA_RFR_20211231_Term_Structures.xlsx,bcb37782-1d49-4145-9830-c25462ef7158
2022-05-31,no_VA,1,0.00380,14,verified,EIOPA_RFR_20220531_Term_Structures.xlsx,daf05683-5451-4a68-ae6d-55a17678ed3a
2022-05-31,no_VA,2,0.00984,14,verified,EIOPA_RFR_20220531_Term_Structures.xlsx,daf05683-5451-4a68-ae6d-55a17678ed3a
2022-05-31,no_VA,3,0.01204,14,verified,EIOPA_RFR_20220531_Term_Structures.xlsx,daf05683-5451-4a68-ae6d-55a17678ed3a
2022-05-31,no_VA,4,0.01332,14,verified,EIOPA_RFR_20220531_Term_Structures.xlsx,daf05683-5451-4a68-ae6d-55a17678ed3a
2022-05-31,no_VA,5,0.01424,14,verified,EIOPA_RFR_20220531_Term_Structures.xlsx,daf05683-5451-4a68-ae6d-55a17678ed3a
2022-05-31,no_VA,6,0.01502,14,verified,EIOPA_RFR_20220531_Term_Structures.xlsx,daf05683-5451-4a68-ae6d-55a17678ed3a
2022-05-31,no_VA,7,0.01572,14,verified,EIOPA_RFR_20220531_Term_Structures.xlsx,daf05683-5451-4a68-ae6d-55a17678ed3a
2022-05-31,no_VA,8,0.01641,14,verified,EIOPA_RFR_20220531_Term_Structures.xlsx,daf05683-5451-4a68-ae6d-55a17678ed3a
2022-05-31,no_VA,9,0.01708,14,verified,EIOPA_RFR_20220531_Term_Structures.xlsx,daf05683-5451-4a68-ae6d-55a17678ed3a
2022-05-31,no_VA,10,0.01770,14,verified,EIOPA_RFR_20220531_Term_Structures.xlsx,daf05683-5451-4a68-ae6d-55a17678ed3a
2022-05-31,no_VA,11,0.01827,14,verified,EIOPA_RFR_20220531_Term_Structures.xlsx,daf05683-5451-4a68-ae6d-55a17678ed3a
2022-05-31,no_VA,12,0.01871,14,verified,EIOPA_RFR_20220531_Term_Structures.xlsx,daf05683-5451-4a68-ae6d-55a17678ed3a
2022-05-31,no_VA,13,0.01907,14,verified,EIOPA_RFR_20220531_Term_Structures.xlsx,daf05683-5451-4a68-ae6d-55a17678ed3a
2022-05-31,no_VA,14,0.01931,14,verified,EIOPA_RFR_20220531_Term_Structures.xlsx,daf05683-5451-4a68-ae6d-55a17678ed3a
2022-05-31,no_VA,15,0.01939,14,verified,EIOPA_RFR_20220531_Term_Structures.xlsx,daf05683-5451-4a68-ae6d-55a17678ed3a
2022-05-31,no_VA,16,0.01929,14,verified,EIOPA_RFR_20220531_Term_Structures.xlsx,daf05683-5451-4a68-ae6d-55a17678ed3a
2022-05-31,no_VA,17,0.01910,14,verified,EIOPA_RFR_20220531_Term_Structures.xlsx,daf05683-5451-4a68-ae6d-55a17678ed3a
2022-05-31,no_VA,18,0.01890,14,verified,EIOPA_RFR_20220531_Term_Structures.xlsx,daf05683-5451-4a68-ae6d-55a17678ed3a
2022-05-31,no_VA,19,0.01874,14,verified,EIOPA_RFR_20220531_Term_Structures.xlsx,daf05683-5451-4a68-ae6d-55a17678ed3a
2022-05-31,no_VA,20,0.01866,14,verified,EIOPA_RFR_20220531_Term_Structures.xlsx,daf05683-5451-4a68-ae6d-55a17678ed3a
2022-05-31,with_VA,1,0.00520,14,verified,EIOPA_RFR_20220531_Term_Structures.xlsx,daf05683-5451-4a68-ae6d-55a17678ed3a
2022-05-31,with_VA,2,0.01124,14,verified,EIOPA_RFR_20220531_Term_Structures.xlsx,daf05683-5451-4a68-ae6d-55a17678ed3a
2022-05-31,with_VA,3,0.01344,14,verified,EIOPA_RFR_20220531_Term_Structures.xlsx,daf05683-5451-4a68-ae6d-55a17678ed3a
2022-05-31,with_VA,4,0.01472,14,verified,EIOPA_RFR_20220531_Term_Structures.xlsx,daf05683-5451-4a68-ae6d-55a17678ed3a
2022-05-31,with_VA,5,0.01564,14,verified,EIOPA_RFR_20220531_Term_Structures.xlsx,daf05683-5451-4a68-ae6d-55a17678ed3a
2022-05-31,with_VA,6,0.01642,14,verified,EIOPA_RFR_20220531_Term_Structures.xlsx,daf05683-5451-4a68-ae6d-55a17678ed3a
2022-05-31,with_VA,7,0.01712,14,verified,EIOPA_RFR_20220531_Term_Structures.xlsx,daf05683-5451-4a68-ae6d-55a17678ed3a
2022-05-31,with_VA,8,0.01781,14,verified,EIOPA_RFR_20220531_Term_Structures.xlsx,daf05683-5451-4a68-ae6d-55a17678ed3a
2022-05-31,with_VA,9,0.01848,14,verified,EIOPA_RFR_20220531_Term_Structures.xlsx,daf05683-5451-4a68-ae6d-55a17678ed3a
2022-05-31,with_VA,10,0.01910,14,verified,EIOPA_RFR_20220531_Term_Structures.xlsx,daf05683-5451-4a68-ae6d-55a17678ed3a
2022-05-31,with_VA,11,0.01967,14,verified,EIOPA_RFR_20220531_Term_Structures.xlsx,daf05683-5451-4a68-ae6d-55a17678ed3a
2022-05-31,with_VA,12,0.02011,14,verified,EIOPA_RFR_20220531_Term_Structures.xlsx,daf05683-5451-4a68-ae6d-55a17678ed3a
2022-05-31,with_VA,13,0.02047,14,verified,EIOPA_RFR_20220531_Term_Structures.xlsx,daf05683-5451-4a68-ae6d-55a17678ed3a
2022-05-31,with_VA,14,0.02071,14,verified,EIOPA_RFR_20220531_Term_Structures.xlsx,daf05683-5451-4a68-ae6d-55a17678ed3a
2022-05-31,with_VA,15,0.02079,14,verified,EIOPA_RFR_20220531_Term_Structures.xlsx,daf05683-5451-4a68-ae6d-55a17678ed3a
2022-05-31,with_VA,16,0.02069,14,verified,EIOPA_RFR_20220531_Term_Structures.xlsx,daf05683-5451-4a68-ae6d-55a17678ed3a
2022-05-31,with_VA,17,0.02050,14,verified,EIOPA_RFR_20220531_Term_Structures.xlsx,daf05683-5451-4a68-ae6d-55a17678ed3a
2022-05-31,with_VA,18,0.02030,14,verified,EIOPA_RFR_20220531_Term_Structures.xlsx,daf05683-5451-4a68-ae6d-55a17678ed3a
2022-05-31,with_VA,19,0.02014,14,verified,EIOPA_RFR_20220531_Term_Structures.xlsx,daf05683-5451-4a68-ae6d-55a17678ed3a
2022-05-31,with_VA,20,0.02006,14,verified,EIOPA_RFR_20220531_Term_Structures.xlsx,daf05683-5451-4a68-ae6d-55a17678ed3a
2022-09-30,no_VA,1,0.02378,17,verified,EIOPA_RFR_20220930_Term_Structures.xlsx,b06676fd-c282-47ae-9a2d-1b75a0769ec1
2022-09-30,no_VA,2,0.02725,17,verified,EIOPA_RFR_20220930_Term_Structures.xlsx,b06676fd-c282-47ae-9a2d-1b75a0769ec1
2022-09-30,no_VA,3,0.02792,17,verified,EIOPA_RFR_20220930_Term_Structures.xlsx,b06676fd-c282-47ae-9a2d-1b75a0769ec1
2022-09-30,no_VA,4,0.02837,17,verified,EIOPA_RFR_20220930_Term_Structures.xlsx,b06676fd-c282-47ae-9a2d-1b75a0769ec1
2022-09-30,no_VA,5,0.02873,17,verified,EIOPA_RFR_20220930_Term_Structures.xlsx,b06676fd-c282-47ae-9a2d-1b75a0769ec1
2022-09-30,no_VA,6,0.02901,17,verified,EIOPA_RFR_20220930_Term_Structures.xlsx,b06676fd-c282-47ae-9a2d-1b75a0769ec1
2022-09-30,no_VA,7,0.02920,17,verified,EIOPA_RFR_20220930_Term_Structures.xlsx,b06676fd-c282-47ae-9a2d-1b75a0769ec1
2022-09-30,no_VA,8,0.02943,17,verified,EIOPA_RFR_20220930_Term_Structures.xlsx,b06676fd-c282-47ae-9a2d-1b75a0769ec1
2022-09-30,no_VA,9,0.02967,17,verified,EIOPA_RFR_20220930_Term_Structures.xlsx,b06676fd-c282-47ae-9a2d-1b75a0769ec1
2022-09-30,no_VA,10,0.02992,17,verified,EIOPA_RFR_20220930_Term_Structures.xlsx,b06676fd-c282-47ae-9a2d-1b75a0769ec1
2022-09-30,no_VA,11,0.03006,17,verified,EIOPA_RFR_20220930_Term_Structures.xlsx,b06676fd-c282-47ae-9a2d-1b75a0769ec1
2022-09-30,no_VA,12,0.03018,17,verified,EIOPA_RFR_20220930_Term_Structures.xlsx,b06676fd-c282-47ae-9a2d-1b75a0769ec1
2022-09-30,no_VA,13,0.03020,17,verified,EIOPA_RFR_20220930_Term_Structures.xlsx,b06676fd-c282-47ae-9a2d-1b75a0769ec1
2022-09-30,no_VA,14,0.03006,17,verified,EIOPA_RFR_20220930_Term_Structures.xlsx,b06676fd-c282-47ae-9a2d-1b75a0769ec1
2022-09-30,no_VA,15,0.02974,17,verified,EIOPA_RFR_20220930_Term_Structures.xlsx,b06676fd-c282-47ae-9a2d-1b75a0769ec1
2022-09-30,no_VA,16,0.02922,17,verified,EIOPA_RFR_20220930_Term_Structures.xlsx,b06676fd-c282-47ae-9a2d-1b75a0769ec1
2022-09-30,no_VA,17,0.02861,17,verified,EIOPA_RFR_20220930_Term_Structures.xlsx,b06676fd-c282-47ae-9a2d-1b75a0769ec1
2022-09-30,no_VA,18,0.02799,17,verified,EIOPA_RFR_20220930_Term_Structures.xlsx,b06676fd-c282-47ae-9a2d-1b75a0769ec1
2022-09-30,no_VA,19,0.02744,17,verified,EIOPA_RFR_20220930_Term_Structures.xlsx,b06676fd-c282-47ae-9a2d-1b75a0769ec1
2022-09-30,no_VA,20,0.02699,17,verified,EIOPA_RFR_20220930_Term_Structures.xlsx,b06676fd-c282-47ae-9a2d-1b75a0769ec1
2022-09-30,with_VA,1,0.02548,17,verified,EIOPA_RFR_20220930_Term_Structures.xlsx,b06676fd-c282-47ae-9a2d-1b75a0769ec1
2022-09-30,with_VA,2,0.02895,17,verified,EIOPA_RFR_20220930_Term_Structures.xlsx,b06676fd-c282-47ae-9a2d-1b75a0769ec1
2022-09-30,with_VA,3,0.02962,17,verified,EIOPA_RFR_20220930_Term_Structures.xlsx,b06676fd-c282-47ae-9a2d-1b75a0769ec1
2022-09-30,with_VA,4,0.03007,17,verified,EIOPA_RFR_20220930_Term_Structures.xlsx,b06676fd-c282-47ae-9a2d-1b75a0769ec1
2022-09-30,with_VA,5,0.03043,17,verified,EIOPA_RFR_20220930_Term_Structures.xlsx,b06676fd-c282-47ae-9a2d-1b75a0769ec1
2022-09-30,with_VA,6,0.03071,17,verified,EIOPA_RFR_20220930_Term_Structures.xlsx,b06676fd-c282-47ae-9a2d-1b75a0769ec1
2022-09-30,with_VA,7,0.03090,17,verified,EIOPA_RFR_20220930_Term_Structures.xlsx,b06676fd-c282-47ae-9a2d-1b75a0769ec1
2022-09-30,with_VA,8,0.03113,17,verified,EIOPA_RFR_20220930_Term_Structures.xlsx,b06676fd-c282-47ae-9a2d-1b75a0769ec1
2022-09-30,with_VA,9,0.03137,17,verified,EIOPA_RFR_20220930_Term_Structures.xlsx,b06676fd-c282-47ae-9a2d-1b75a0769ec1
2022-09-30,with_VA,10,0.03162,17,verified,EIOPA_RFR_20220930_Term_Structures.xlsx,b06676fd-c282-47ae-9a2d-1b75a0769ec1
2022-09-30,with_VA,11,0.03176,17,verified,EIOPA_RFR_20220930_Term_Structures.xlsx,b06676fd-c282-47ae-9a2d-1b75a0769ec1
2022-09-30,with_VA,12,0.03188,17,verified,EIOPA_RFR_20220930_Term_Structures.xlsx,b06676fd-c282-47ae-9a2d-1b75a0769ec1
2022-09-30,with_VA,13,0.03190,17,verified,EIOPA_RFR_20220930_Term_Structures.xlsx,b06676fd-c282-47ae-9a2d-1b75a0769ec1
2022-09-30,with_VA,14,0.03176,17,verified,EIOPA_RFR_20220930_Term_Structures.xlsx,b06676fd-c282-47ae-9a2d-1b75a0769ec1
2022-09-30,with_VA,15,0.03144,17,verified,EIOPA_RFR_20220930_Term_Structures.xlsx,b06676fd-c282-47ae-9a2d-1b75a0769ec1
2022-09-30,with_VA,16,0.03092,17,verified,EIOPA_RFR_20220930_Term_Structures.xlsx,b06676fd-c282-47ae-9a2d-1b75a0769ec1
2022-09-30,with_VA,17,0.03031,17,verified,EIOPA_RFR_20220930_Term_Structures.xlsx,b06676fd-c282-47ae-9a2d-1b75a0769ec1
2022-09-30,with_VA,18,0.02969,17,verified,EIOPA_RFR_20220930_Term_Structures.xlsx,b06676fd-c282-47ae-9a2d-1b75a0769ec1
2022-09-30,with_VA,19,0.02914,17,verified,EIOPA_RFR_20220930_Term_Structures.xlsx,b06676fd-c282-47ae-9a2d-1b75a0769ec1
2022-09-30,with_VA,20,0.02869,17,verified,EIOPA_RFR_20220930_Term_Structures.xlsx,b06676fd-c282-47ae-9a2d-1b75a0769ec1
2022-12-31,no_VA,1,0.03176,19,verified,EIOPA_RFR_20221231_Term_Structures.xlsx,8584474b-9b3f-4ecc-a8f5-5952d1468513
2022-12-31,no_VA,2,0.03295,19,verified,EIOPA_RFR_20221231_Term_Structures.xlsx,8584474b-9b3f-4ecc-a8f5-5952d1468513
2022-12-31,no_VA,3,0.03203,19,verified,EIOPA_RFR_20221231_Term_Structures.xlsx,8584474b-9b3f-4ecc-a8f5-5952d1468513
2022-12-31,no_VA,4,0.03152,19,verified,EIOPA_RFR_20221231_Term_Structures.xlsx,8584474b-9b3f-4ecc-a8f5-5952d1468513
2022-12-31,no_VA,5,0.03131,19,verified,EIOPA_RFR_20221231_Term_Structures.xlsx,8584474b-9b3f-4ecc-a8f5-5952d1468513
2022-12-31,no_VA,6,0.03110,19,verified,EIOPA_RFR_20221231_Term_Structures.xlsx,8584474b-9b3f-4ecc-a8f5-5952d1468513
2022-12-31,no_VA,7,0.03091,19,verified,EIOPA_RFR_20221231_Term_Structures.xlsx,8584474b-9b3f-4ecc-a8f5-5952d1468513
2022-12-31,no_VA,8,0.03086,19,verified,EIOPA_RFR_20221231_Term_Structures.xlsx,8584474b-9b3f-4ecc-a8f5-5952d1468513
2022-12-31,no_VA,9,0.03088,19,verified,EIOPA_RFR_20221231_Term_Structures.xlsx,8584474b-9b3f-4ecc-a8f5-5952d1468513
2022-12-31,no_VA,10,0.03092,19,verified,EIOPA_RFR_20221231_Term_Structures.xlsx,8584474b-9b3f-4ecc-a8f5-5952d1468513
2022-12-31,no_VA,11,0.03100,19,verified,EIOPA_RFR_20221231_Term_Structures.xlsx,8584474b-9b3f-4ecc-a8f5-5952d1468513
2022-12-31,no_VA,12,0.03085,19,verified,EIOPA_RFR_20221231_Term_Structures.xlsx,8584474b-9b3f-4ecc-a8f5-5952d1468513
2022-12-31,no_VA,13,0.03071,19,verified,EIOPA_RFR_20221231_Term_Structures.xlsx,8584474b-9b3f-4ecc-a8f5-5952d1468513
2022-12-31,no_VA,14,0.03053,19,verified,EIOPA_RFR_20221231_Term_Structures.xlsx,8584474b-9b3f-4ecc-a8f5-5952d1468513
2022-12-31,no_VA,15,0.03022,19,verified,EIOPA_RFR_20221231_Term_Structures.xlsx,8584474b-9b3f-4ecc-a8f5-5952d1468513
2022-12-31,no_VA,16,0.02974,19,verified,EIOPA_RFR_20221231_Term_Structures.xlsx,8584474b-9b3f-4ecc-a8f5-5952d1468513
2022-12-31,no_VA,17,0.02916,19,verified,EIOPA_RFR_20221231_Term_Structures.xlsx,8584474b-9b3f-4ecc-a8f5-5952d1468513
2022-12-31,no_VA,18,0.02859,19,verified,EIOPA_RFR_20221231_Term_Structures.xlsx,8584474b-9b3f-4ecc-a8f5-5952d1468513
2022-12-31,no_VA,19,0.02807,19,verified,EIOPA_RFR_20221231_Term_Structures.xlsx,8584474b-9b3f-4ecc-a8f5-5952d1468513
2022-12-31,no_VA,20,0.02765,19,verified,EIOPA_RFR_20221231_Term_Structures.xlsx,8584474b-9b3f-4ecc-a8f5-5952d1468513
2022-12-31,with_VA,1,0.03366,19,verified,EIOPA_RFR_20221231_Term_Structures.xlsx,8584474b-9b3f-4ecc-a8f5-5952d1468513
2022-12-31,with_VA,2,0.03485,19,verified,EIOPA_RFR_20221231_Term_Structures.xlsx,8584474b-9b3f-4ecc-a8f5-5952d1468513
2022-12-31,with_VA,3,0.03393,19,verified,EIOPA_RFR_20221231_Term_Structures.xlsx,8584474b-9b3f-4ecc-a8f5-5952d1468513
2022-12-31,with_VA,4,0.03342,19,verified,EIOPA_RFR_20221231_Term_Structures.xlsx,8584474b-9b3f-4ecc-a8f5-5952d1468513
2022-12-31,with_VA,5,0.03321,19,verified,EIOPA_RFR_20221231_Term_Structures.xlsx,8584474b-9b3f-4ecc-a8f5-5952d1468513
2022-12-31,with_VA,6,0.03300,19,verified,EIOPA_RFR_20221231_Term_Structures.xlsx,8584474b-9b3f-4ecc-a8f5-5952d1468513
2022-12-31,with_VA,7,0.03281,19,verified,EIOPA_RFR_20221231_Term_Structures.xlsx,8584474b-9b3f-4ecc-a8f5-5952d1468513
2022-12-31,with_VA,8,0.03276,19,verified,EIOPA_RFR_20221231_Term_Structures.xlsx,8584474b-9b3f-4ecc-a8f5-5952d1468513
2022-12-31,with_VA,9,0.03278,19,verified,EIOPA_RFR_20221231_Term_Structures.xlsx,8584474b-9b3f-4ecc-a8f5-5952d1468513
2022-12-31,with_VA,10,0.03282,19,verified,EIOPA_RFR_20221231_Term_Structures.xlsx,8584474b-9b3f-4ecc-a8f5-5952d1468513
2022-12-31,with_VA,11,0.03290,19,verified,EIOPA_RFR_20221231_Term_Structures.xlsx,8584474b-9b3f-4ecc-a8f5-5952d1468513
2022-12-31,with_VA,12,0.03275,19,verified,EIOPA_RFR_20221231_Term_Structures.xlsx,8584474b-9b3f-4ecc-a8f5-5952d1468513
2022-12-31,with_VA,13,0.03261,19,verified,EIOPA_RFR_20221231_Term_Structures.xlsx,8584474b-9b3f-4ecc-a8f5-5952d1468513
2022-12-31,with_VA,14,0.03243,19,verified,EIOPA_RFR_20221231_Term_Structures.xlsx,8584474b-9b3f-4ecc-a8f5-5952d1468513
2022-12-31,with_VA,15,0.03212,19,verified,EIOPA_RFR_20221231_Term_Structures.xlsx,8584474b-9b3f-4ecc-a8f5-5952d1468513
2022-12-31,with_VA,16,0.03164,19,verified,EIOPA_RFR_20221231_Term_Structures.xlsx,8584474b-9b3f-4ecc-a8f5-5952d1468513
2022-12-31,with_VA,17,0.03106,19,verified,EIOPA_RFR_20221231_Term_Structures.xlsx,8584474b-9b3f-4ecc-a8f5-5952d1468513
2022-12-31,with_VA,18,0.03049,19,verified,EIOPA_RFR_20221231_Term_Structures.xlsx,8584474b-9b3f-4ecc-a8f5-5952d1468513
2022-12-31,with_VA,19,0.02997,19,verified,EIOPA_RFR_20221231_Term_Structures.xlsx,8584474b-9b3f-4ecc-a8f5-5952d1468513
2022-12-31,with_VA,20,0.02955,19,verified,EIOPA_RFR_20221231_Term_Structures.xlsx,8584474b-9b3f-4ecc-a8f5-5952d1468513
